Data;Feriado;Abrangência;Tipo;UF
01/01/2026;Confraternização Universal;Nacional;Fixo;Todos
16/02/2026;Carnaval (Segunda-feira);Nacional;Móvel;Todos
17/02/2026;Carnaval (Terça-feira);Nacional;Móvel;Todos
03/04/2026;Sexta-feira Santa;Nacional;Móvel;Todos
21/04/2026;Tiradentes;Nacional;Fixo;Todos
23/04/2026;Dia de São Jorge;Estadual;Fixo;RJ
01/05/2026;Dia do Trabalho;Nacional;Fixo;Todos
04/06/2026;Corpus Christi;Nacional;Móvel;Todos
02/07/2026;Independência da Bahia;Estadual;Fixo;BA
09/07/2026;Revolução Constitucionalista de 1932;Estadual;Fixo;SP
07/09/2026;Independência do Brasil;Nacional;Fixo;Todos
12/10/2026;Nossa Senhora Aparecida;Nacional;Fixo;Todos
02/11/2026;Finados;Nacional;Fixo;Todos
15/11/2026;Proclamação da República;Nacional;Fixo;Todos
20/11/2026;Dia da Consciência Negra;Nacional;Fixo;Todos
25/12/2026;Natal;Nacional;Fixo;Todos
01/01/2027;Confraternização Universal;Nacional;Fixo;Todos
08/02/2027;Carnaval (Segunda-feira);Nacional;Móvel;Todos
09/02/2027;Carnaval (Terça-feira);Nacional;Móvel;Todos
26/03/2027;Sexta-feira Santa;Nacional;Móvel;Todos
21/04/2027;Tiradentes;Nacional;Fixo;Todos
23/04/2027;Dia de São Jorge;Estadual;Fixo;RJ
01/05/2027;Dia do Trabalho;Nacional;Fixo;Todos
27/05/2027;Corpus Christi;Nacional;Móvel;Todos
02/07/2027;Independência da Bahia;Estadual;Fixo;BA
09/07/2027;Revolução Constitucionalista de 1932;Estadual;Fixo;SP
07/09/2027;Independência do Brasil;Nacional;Fixo;Todos
12/10/2027;Nossa Senhora Aparecida;Nacional;Fixo;Todos
02/11/2027;Finados;Nacional;Fixo;Todos
15/11/2027;Proclamação da República;Nacional;Fixo;Todos
20/11/2027;Dia da Consciência Negra;Nacional;Fixo;Todos
25/12/2027;Natal;Nacional;Fixo;Todos
01/01/2028;Confraternização Universal;Nacional;Fixo;Todos
28/02/2028;Carnaval (Segunda-feira);Nacional;Móvel;Todos
29/02/2028;Carnaval (Terça-feira);Nacional;Móvel;Todos
14/04/2028;Sexta-feira Santa;Nacional;Móvel;Todos
21/04/2028;Tiradentes;Nacional;Fixo;Todos
23/04/2028;Dia de São Jorge;Estadual;Fixo;RJ
01/05/2028;Dia do Trabalho;Nacional;Fixo;Todos
15/06/2028;Corpus Christi;Nacional;Móvel;Todos
02/07/2028;Independência da Bahia;Estadual;Fixo;BA
09/07/2028;Revolução Constitucionalista de 1932;Estadual;Fixo;SP
07/09/2028;Independência do Brasil;Nacional;Fixo;Todos
12/10/2028;Nossa Senhora Aparecida;Nacional;Fixo;Todos
02/11/2028;Finados;Nacional;Fixo;Todos
15/11/2028;Proclamação da República;Nacional;Fixo;Todos
20/11/2028;Dia da Consciência Negra;Nacional;Fixo;Todos
25/12/2028;Natal;Nacional;Fixo;Todos
01/01/2029;Confraternização Universal;Nacional;Fixo;Todos
12/02/2029;Carnaval (Segunda-feira);Nacional;Móvel;Todos
13/02/2029;Carnaval (Terça-feira);Nacional;Móvel;Todos
30/03/2029;Sexta-feira Santa;Nacional;Móvel;Todos
21/04/2029;Tiradentes;Nacional;Fixo;Todos
23/04/2029;Dia de São Jorge;Estadual;Fixo;RJ
01/05/2029;Dia do Trabalho;Nacional;Fixo;Todos
31/05/2029;Corpus Christi;Nacional;Móvel;Todos
02/07/2029;Independência da Bahia;Estadual;Fixo;BA
09/07/2029;Revolução Constitucionalista de 1932;Estadual;Fixo;SP
07/09/2029;Independência do Brasil;Nacional;Fixo;Todos
12/10/2029;Nossa Senhora Aparecida;Nacional;Fixo;Todos
02/11/2029;Finados;Nacional;Fixo;Todos
15/11/2029;Proclamação da República;Nacional;Fixo;Todos
20/11/2029;Dia da Consciência Negra;Nacional;Fixo;Todos
25/12/2029;Natal;Nacional;Fixo;Todos
01/01/2030;Confraternização Universal;Nacional;Fixo;Todos
04/03/2030;Carnaval (Segunda-feira);Nacional;Móvel;Todos
05/03/2030;Carnaval (Terça-feira);Nacional;Móvel;Todos
19/04/2030;Sexta-feira Santa;Nacional;Móvel;Todos
21/04/2030;Tiradentes;Nacional;Fixo;Todos
23/04/2030;Dia de São Jorge;Estadual;Fixo;RJ
01/05/2030;Dia do Trabalho;Nacional;Fixo;Todos
20/06/2030;Corpus Christi;Nacional;Móvel;Todos
02/07/2030;Independência da Bahia;Estadual;Fixo;BA
09/07/2030;Revolução Constitucionalista de 1932;Estadual;Fixo;SP
07/09/2030;Independência do Brasil;Nacional;Fixo;Todos
12/10/2030;Nossa Senhora Aparecida;Nacional;Fixo;Todos
02/11/2030;Finados;Nacional;Fixo;Todos
15/11/2030;Proclamação da República;Nacional;Fixo;Todos
20/11/2030;Dia da Consciência Negra;Nacional;Fixo;Todos
25/12/2030;Natal;Nacional;Fixo;Todos
